size,native_run1,native_run2,native_run3,container_run1,container_run2,container_run3
1,1.87,1.87,1.87,2.02,1.94,1.94
2,1.88,1.86,1.86,2.03,1.93,1.96
4,1.87,1.86,1.86,2.02,1.93,1.95
8,1.88,1.85,1.86,2.03,1.95,1.95
16,1.86,1.86,1.87,2.02,1.96,1.96
32,1.95,1.95,1.95,2.07,2.03,2.02
64,2.09,2.09,2.09,2.21,2.17,2.16
128,2.12,2.12,2.12,2.27,2.19,2.19
256,2.84,2.83,2.83,2.88,2.75,2.75
512,2.93,2.93,2.92,2.99,2.90,2.85
1024,3.13,3.12,3.13,3.53,3.39,3.37
2048,3.36,3.35,3.34,3.74,3.53,3.54
4096,3.97,3.97,3.98,4.52,4.27,4.27
8192,4.18,4.20,4.19,5.15,4.74,4.74
16384,5.60,5.64,5.64,6.58,6.04,6.14
32768,8.08,8.06,8.09,8.52,8.32,8.40
65536,11.48,11.61,11.54,11.93,11.78,11.77
131072,16.83,16.90,16.86,17.98,17.23,17.12
262144,27.45,27.52,27.48,27.67,27.90,27.84
524288,49.03,49.06,49.12,49.31,49.17,49.13
1048576,91.90,91.86,91.87,92.01,92.04,91.95
2097152,176.91,176.96,176.94,177.65,177.08,177.00
4194304,347.26,347.45,346.81,347.09,348.00,346.96
